cats_filename,cats_filepath
cat_585.jpg,test\cats\cat_585.jpg
cat_342.jpg,test\cats\cat_342.jpg
cat_564.jpg,test\cats\cat_564.jpg
cat_384.jpg,test\cats\cat_384.jpg
cat_56.jpg,test\cats\cat_56.jpg
cat_5.jpg,test\cats\cat_5.jpg
cat_203.jpg,test\cats\cat_203.jpg
cat_375.jpg,test\cats\cat_375.jpg
cat_446.jpg,test\cats\cat_446.jpg
cat_332.jpg,test\cats\cat_332.jpg
cat_119.jpg,test\cats\cat_119.jpg
cat_538.jpg,test\cats\cat_538.jpg
cat_430.jpg,test\cats\cat_430.jpg
cat_468.jpg,test\cats\cat_468.jpg
cat_496.jpg,test\cats\cat_496.jpg
cat_244.jpg,test\cats\cat_244.jpg
cat_551.jpg,test\cats\cat_551.jpg
cat_422.jpg,test\cats\cat_422.jpg
cat_290.jpg,test\cats\cat_290.jpg
cat_418.jpg,test\cats\cat_418.jpg
cat_162.jpg,test\cats\cat_162.jpg
cat_523.jpg,test\cats\cat_523.jpg
cat_113.jpg,test\cats\cat_113.jpg
cat_223.jpg,test\cats\cat_223.jpg
cat_124.jpg,test\cats\cat_124.jpg
cat_545.jpg,test\cats\cat_545.jpg
cat_118.jpg,test\cats\cat_118.jpg
cat_395.jpg,test\cats\cat_395.jpg
cat_587.jpg,test\cats\cat_587.jpg
cat_96.jpg,test\cats\cat_96.jpg
cat_94.jpg,test\cats\cat_94.jpg
cat_190.jpg,test\cats\cat_190.jpg
cat_313.jpg,test\cats\cat_313.jpg
cat_433.jpg,test\cats\cat_433.jpg
cat_306.jpg,test\cats\cat_306.jpg
cat_504.jpg,test\cats\cat_504.jpg
cat_281.jpg,test\cats\cat_281.jpg
cat_574.jpg,test\cats\cat_574.jpg
cat_586.jpg,test\cats\cat_586.jpg
cat_156.jpg,test\cats\cat_156.jpg
cat_358.jpg,test\cats\cat_358.jpg
cat_60.jpg,test\cats\cat_60.jpg
cat_583.jpg,test\cats\cat_583.jpg
cat_417.jpg,test\cats\cat_417.jpg
cat_341.jpg,test\cats\cat_341.jpg
cat_464.jpg,test\cats\cat_464.jpg
cat_595.jpg,test\cats\cat_595.jpg
cat_106.jpg,test\cats\cat_106.jpg
cat_528.jpg,test\cats\cat_528.jpg
cat_255.jpg,test\cats\cat_255.jpg
cat_109.jpg,test\cats\cat_109.jpg
cat_279.jpg,test\cats\cat_279.jpg
cat_251.jpg,test\cats\cat_251.jpg
cat_575.jpg,test\cats\cat_575.jpg
cat_18.jpg,test\cats\cat_18.jpg
cat_525.jpg,test\cats\cat_525.jpg
