dogs_filename,dogs_filepath
dog_534.jpg,test\dogs\dog_534.jpg
dog_302.jpg,test\dogs\dog_302.jpg
dog_520.jpg,test\dogs\dog_520.jpg
dog_354.jpg,test\dogs\dog_354.jpg
dog_519.jpg,test\dogs\dog_519.jpg
dog_442.jpg,test\dogs\dog_442.jpg
dog_196.jpg,test\dogs\dog_196.jpg
dog_344.jpg,test\dogs\dog_344.jpg
dog_398.jpg,test\dogs\dog_398.jpg
dog_28.jpg,test\dogs\dog_28.jpg
dog_150.jpg,test\dogs\dog_150.jpg
dog_476.jpg,test\dogs\dog_476.jpg
dog_377.jpg,test\dogs\dog_377.jpg
dog_421.jpg,test\dogs\dog_421.jpg
dog_44.jpg,test\dogs\dog_44.jpg
dog_213.jpg,test\dogs\dog_213.jpg
dog_518.jpg,test\dogs\dog_518.jpg
dog_369.jpg,test\dogs\dog_369.jpg
dog_240.jpg,test\dogs\dog_240.jpg
dog_364.jpg,test\dogs\dog_364.jpg
dog_181.jpg,test\dogs\dog_181.jpg
dog_462.jpg,test\dogs\dog_462.jpg
dog_130.jpg,test\dogs\dog_130.jpg
dog_197.jpg,test\dogs\dog_197.jpg
dog_155.jpg,test\dogs\dog_155.jpg
dog_517.jpg,test\dogs\dog_517.jpg
dog_147.jpg,test\dogs\dog_147.jpg
dog_355.jpg,test\dogs\dog_355.jpg
dog_551.jpg,test\dogs\dog_551.jpg
dog_89.jpg,test\dogs\dog_89.jpg
dog_75.jpg,test\dogs\dog_75.jpg
dog_194.jpg,test\dogs\dog_194.jpg
dog_258.jpg,test\dogs\dog_258.jpg
dog_380.jpg,test\dogs\dog_380.jpg
dog_244.jpg,test\dogs\dog_244.jpg
dog_443.jpg,test\dogs\dog_443.jpg
dog_237.jpg,test\dogs\dog_237.jpg
dog_521.jpg,test\dogs\dog_521.jpg
dog_536.jpg,test\dogs\dog_536.jpg
dog_173.jpg,test\dogs\dog_173.jpg
dog_313.jpg,test\dogs\dog_313.jpg
dog_59.jpg,test\dogs\dog_59.jpg
dog_528.jpg,test\dogs\dog_528.jpg
dog_360.jpg,test\dogs\dog_360.jpg
dog_283.jpg,test\dogs\dog_283.jpg
dog_415.jpg,test\dogs\dog_415.jpg
dog_563.jpg,test\dogs\dog_563.jpg
dog_123.jpg,test\dogs\dog_123.jpg
dog_472.jpg,test\dogs\dog_472.jpg
dog_227.jpg,test\dogs\dog_227.jpg
dog_124.jpg,test\dogs\dog_124.jpg
dog_236.jpg,test\dogs\dog_236.jpg
dog_219.jpg,test\dogs\dog_219.jpg
dog_522.jpg,test\dogs\dog_522.jpg
dog_191.jpg,test\dogs\dog_191.jpg
dog_464.jpg,test\dogs\dog_464.jpg
